{"activityLevel":0,"activityList":[{"activeTime":2001010,"calorie":96.479996,"distance":2080.386,"type":1001},{"activeTime":3553842,"calorie":183.47354,"distance":3761.585,"type":-1}],"age":29,"gender":"M","height":170.0,"stepCount":8609,"weight":65.0}