{"activityLevel":0,"activityList":[{"activeTime":3446013,"calorie":223.48001,"distance":4988.27,"type":1001},{"activeTime":5728196,"calorie":329.38672,"distance":7202.3345,"type":-1}],"age":29,"gender":"M","height":170.0,"stepCount":15175,"weight":65.0}