{"activityLevel":0,"activityList":[{"activeTime":1380550,"calorie":64.100006,"distance":1385.4109,"type":1001},{"activeTime":5372344,"calorie":330.08252,"distance":6901.335,"type":-1}],"age":29,"gender":"M","height":170.0,"stepCount":10841,"weight":65.0}