{"activityLevel":0,"activityList":[{"activeTime":2374835,"calorie":145.98999,"distance":3087.9902,"type":1001},{"activeTime":5401461,"calorie":304.75858,"distance":6253.507,"type":-1}],"age":29,"gender":"M","height":170.0,"stepCount":12374,"weight":65.0}