{"activityLevel":0,"activityList":[{"activeTime":4836920,"calorie":208.12001,"distance":4327.32,"type":1001},{"activeTime":6683985,"calorie":374.14294,"distance":7746.9136,"type":-1}],"age":29,"gender":"M","height":170.0,"stepCount":17310,"weight":65.0}