{"activityLevel":0,"activityList":[{"activeTime":4897070,"calorie":232.54001,"distance":4992.676,"type":1001},{"activeTime":4997989,"calorie":280.58932,"distance":5767.783,"type":-1}],"age":29,"gender":"M","height":170.0,"stepCount":15574,"weight":65.0}