{"activityLevel":0,"activityList":[{"activeTime":1931790,"calorie":98.380005,"distance":2108.917,"type":1001},{"activeTime":7423652,"calorie":428.39825,"distance":9054.778,"type":-1}],"age":29,"gender":"M","height":170.0,"stepCount":15005,"weight":65.0}