{"activityLevel":0,"activityList":[{"activeTime":837900,"calorie":45.074333,"distance":1014.9021,"type":1001},{"activeTime":2490389,"calorie":149.85962,"distance":2996.1304,"type":-1}],"age":30,"gender":"M","height":170.0,"stepCount":5292,"weight":65.0}