{"activityLevel":0,"activityList":[{"activeTime":1459150,"calorie":72.009995,"distance":1562.29,"type":1001},{"activeTime":5280427,"calorie":307.52332,"distance":6250.0107,"type":-1}],"age":29,"gender":"M","height":170.0,"stepCount":10621,"weight":65.0}