{"activityLevel":0,"activityList":[{"activeTime":1538800,"calorie":81.0,"distance":1854.5281,"type":1001},{"activeTime":2314090,"calorie":333.0,"distance":4791.817,"type":1002},{"activeTime":340660,"calorie":25.247837,"distance":0.0,"type":0},{"activeTime":4923300,"calorie":343.11478,"distance":6779.4478,"type":-1}],"age":30,"gender":"M","height":170.0,"stepCount":15711,"weight":65.0}